Site ID,Site Name,Blackknight Location,Filename,Target Site Destination Folder,Target Site File Name
TDL2001,Arranmore,/var/www/html/public/uploads/sites/Arranmore - TDL2001/Licence Maps/,Arranmore - TDL2001 - TCF01 - Rev 1.0.pdf,,Arranmore - TDL2001 - TCF01 - Rev 1.0.pdf
TMO1001,Ballina,/var/www/html/public/uploads/sites/Ballina - TMO1001/Licence Maps/,Ballina - TMO1001 - TCF01 - Rev 1.0.pdf,,Ballina - TMO1001 - TCF01 - Rev 1.0.pdf
TMO2002,Ballinrobe,/var/www/html/public/uploads/sites/Ballinrobe - TMO2002/Licence Maps/,Ballinrobe - TMO2002 - TCF01 - Rev 1.0.pdf,,Ballinrobe - TMO2002 - TCF01 - Rev 1.0.pdf
TWW1002,Ballyguile,/var/www/html/public/uploads/sites/Ballyguile 52m - TWW1002/Licence Maps/,Ballyguile - TWW1002 - TCF01 - Rev 1.0.pdf,,Ballyguile - TWW1002 - TCF01 - Rev 1.0.pdf
TLK1003,Ballyhoura,/var/www/html/public/uploads/sites/Ballyhoura - TLK1003/Licence Maps/,Ballyhoura - TLK1003 - TCF01 - Rev 1.0.pdf,,Ballyhoura - TLK1003 - TCF01 - Rev 1.0.pdf
TKK1004,Ballyspellan,/var/www/html/public/uploads/sites/Ballyspellan - TKK1004/Licence Maps/,Ballyspellan - TKK1004 - TCF01 - Rev 1.0.pdf,,Ballyspellan - TKK1004 - TCF01 - Rev 1.0.pdf
TDL1005,Barnesmore,/var/www/html/public/uploads/sites/Barnesmore - TDL1005/Licence Maps/,Barnesmore - TDL1005 - TCF01 - Rev 1.0.pdf,,Barnesmore - TDL1005 - TCF01 - Rev 1.0.pdf
TCE2003,Behagh,/var/www/html/public/uploads/sites/Behagh - TCE2003/Licence Maps/,Behagh - TCE2003 - TCF01 - Rev 1.0.pdf,,Behagh - TCE2003 - TCF01 - Rev 1.0.pdf
TMO2004,Belmullet,/var/www/html/public/uploads/sites/Belmullet - TMO2004/Licence Maps/,Belmullet - TMO2004 - TCF01 - Rev 1.0.pdf,,Belmullet - TMO2004 - TCF01 - Rev 1.0.pdf
TCE1006,Ben Dash,/var/www/html/public/uploads/sites/Ben Dash - TCE1006/Licence Maps/,Ben Dash - TCE1006 - TCF01 - Rev 1.0.pdf,,Ben Dash - TCE1006 - TCF01 - Rev 1.0.pdf
TSO1007,Bralee,/var/www/html/public/uploads/sites/Bralee - TSO1007/Licence Maps/,Bralee - TSO1007 - TCF01 - Rev 1.0.pdf,,Bralee - TSO1007 - TCF01 - Rev 1.0.pdf
TDL2006,Bunbeg,/var/www/html/public/uploads/sites/Bunbeg - TDL2006/Licence Maps/,Bunbeg - TDL2006 - TCF01 - Rev 1.0.pdf,,Bunbeg - TDL2006 - TCF01 - Rev 1.0.pdf
TWX2007,Campile,/var/www/html/public/uploads/sites/Campile - TWX2007/Licence Maps/,Campile - TWX2007 - TCF01 - Rev 1.0.pdf,,Campile - TWX2007 - TCF01 - Rev 1.0.pdf
TLS1010,Capard,/var/www/html/public/uploads/sites/Capard 38m - TLS1010/Licence Maps/,Capard - TLS1010 - TCF01 - Rev 1.0.pdf,,Capard - TLS1010 - TCF01 - Rev 1.0.pdf
TKE1009,Cappagh,/var/www/html/public/uploads/sites/Cappagh - TKE1009/Licence Maps/,Cappagh - TKE1009 - TCF01 - Rev 1.0.pdf,,Cappagh - TKE1009 - TCF01 - Rev 1.0.pdf
TKY1011,Capparoe,/var/www/html/public/uploads/sites/Capparoe - TKY1011/Licence Maps/,Capparoe - TKY1011 - TCF01 - Rev 1.0.pdf,,Capparoe - TKY1011 - TCF01 - Rev 1.0.pdf
TGY1012,Cappataggle,/var/www/html/public/uploads/sites/Cappataggle 41m - TGY1046/Licence Maps/,Cappataggle - TGY1046 - TCF01 - Rev 1.0.pdf,,Cappataggle - TGY1046 - TCF01 - Rev 1.0.pdf
TGY1012,Cappataggle,/var/www/html/public/uploads/sites/Cappataggle 47m - TGY1012/Licence Maps/,Cappataggle - TGY1046 - TCF01 - Rev 1.0.pdf,,Cappataggle - TGY1046 - TCF01 - Rev 1.0.pdf
TCE1013,Carran,/var/www/html/public/uploads/sites/Carran - TCE1013/Licence Maps/,Carran - TCE1013 - TCF01 - Rev 1.0.pdf,,Carran - TCE1013 - TCF01 - Rev 1.0.pdf
TMN2008,Carrickmacross,/var/www/html/public/uploads/sites/Carrickmacross - TMN2008/Licence Maps/,Carrickmacross - TMN2008 - TCF01 - Rev 1.0.pdf,,Carrickmacross - TMN2008 - TCF01 - Rev 1.0.pdf
TSO2009,Cashelgarren,/var/www/html/public/uploads/sites/Cashelgarren - TSO2009/Licence Maps/,Cashelgarren - TSO2009 - TCF01 - Rev 1.0.pdf,,Cashelgarren - TSO2009 - TCF01 - Rev 1.0.pdf
TMO2010,Castlebar,/var/www/html/public/uploads/sites/Castlebar - TMO2010/Licence Maps/,Castlebar - TMO2010 - TCF01 - Rev 1.0.pdf,,Castlebar - TMO2010 - TCF01 - Rev 1.0.pdf
TCK2011,Castletownbere,/var/www/html/public/uploads/sites/Castletownbere - TCK2011/Licence Maps/,Castletownbere - TCK2011 - TCF01 - Rev 1.0.pdf,,Castletownbere - TCK2011 - TCF01 - Rev 1.0.pdf
TCK2012,Churchfield,/var/www/html/public/uploads/sites/Churchfield - TCK2012/Licence Maps/,Churchfield - TCK2012 - TCF01 - Rev 1.0.pdf,,Churchfield - TCK2012 - TCF01 - Rev 1.0.pdf
TGY1014,Clifden O'Malley,/var/www/html/public/uploads/sites/Clifden O'Malley - TGY1014/Licence Maps/,Clifden O'Malley - TGY1014 - TCF01 - Rev 1.0.pdf,,Clifden O'Malley - TGY1014 - TCF01 - Rev 1.0.pdf
TDU2013,Coolmine,/var/www/html/public/uploads/sites/Coolmine - TDU2013/Licence Maps/,Coolmine - TDU2013 - TCF01 - Rev 1.0.pdf,,Coolmine - TDU2013 - TCF01 - Rev 1.0.pdf
TCK1015,Coronea,/var/www/html/public/uploads/sites/Coronea - TCK1015/Licence Maps/,Coronea - TCK1015 - TCF01 - Rev 1.0.pdf,,Coronea - TCK1015 - TCF01 - Rev 1.0.pdf
TKY1016,Curraross,/var/www/html/public/uploads/sites/Curraross - TKY1016/Licence Maps/,Curraross - TKY1016 - TCF01 - Rev 1.0.pdf,,Curraross - TKY1016 - TCF01 - Rev 1.0.pdf
TKY1017,Derryquin,/var/www/html/public/uploads/sites/Derryquin - TKY1017/Licence Maps/,Derryquin - TKY1017 - TCF01 - Rev 1.0.pdf,,Derryquin - TKY1017 - TCF01 - Rev 1.0.pdf
TKY2014,Dingle,/var/www/html/public/uploads/sites/Dingle - TKY2014/Licence Maps/,Dingle - TKY2014 - TCF01 - Rev 1.0.pdf,,Dingle - TKY2014 - TCF01 - Rev 1.0.pdf
TWX1018,Drumgold,/var/www/html/public/uploads/sites/Drumgold - TWX1018/Licence Maps/,Drumgold - TWX1018 - TCF01 - Rev 1.0.pdf,,Drumgold - TWX1018 - TCF01 - Rev 1.0.pdf
TLH2015,Dundalk Ramparts,/var/www/html/public/uploads/sites/Dundalk Ramparts - TLH2015/Licence Maps/,Dundalk Ramparts - TLH2015 - Record.pdf,,Dundalk Ramparts - TLH2015 - Record.pdf
TDL2016,Dunglow,/var/www/html/public/uploads/sites/Dunglow - TDL2016/Licence Maps/,Dunglow Licence Map TCF.pdf,,Dunglow Licence Map TCF.pdf
TKE1019,Dunmurry Hill,/var/www/html/public/uploads/sites/Dunmurry Hill - TKE1019/Licence Maps/,Dunmurry Hill - TKE1019 - TCF01 - Rev 1.0.pdf,,Dunmurry Hill - TKE1019 - TCF01 - Rev 1.0.pdf
TCK2017,Elfordstown,/var/www/html/public/uploads/sites/Elfordstown - TCK2017/Licence Maps/,Elfordstown - TCK2017 - TCF01 - Rev 1.0.pdf,,Elfordstown - TCK2017 - TCF01 - Rev 1.0.pdf
TWX2018,Enniscorthy,/var/www/html/public/uploads/sites/Enniscorthy - TWX2018/Licence Maps/,Enniscorthy - TWX2018 - TCF01 - Rev 1.0.pdf,,Enniscorthy - TWX2018 - TCF01 - Rev 1.0.pdf
TCK2019,Fermoy,/var/www/html/public/uploads/sites/Fermoy - TCK2019/Licence Maps/,Fermoy - TCK2019 - TCF01 - Rev 1.0.pdf,,Fermoy - TCK2019 - TCF01 - Rev 1.0.pdf
TMH1020,Fourknocks,/var/www/html/public/uploads/sites/Fourknocks - TMH1020/Licence Maps/,Fourknocks - TMH1020 - TCF01 - Rev 1.0.pdf,,Fourknocks - TMH1020 - TCF01 - Rev 1.0.pdf
TWD2020,Gallows Hill,/var/www/html/public/uploads/sites/Gallows Hill - TWD2020/Licence Maps/,Gallows Hill - TWD2020 - TCF01 - Rev 1.0.pdf,,Gallows Hill - TWD2020 - TCF01 - Rev 1.0.pdf
TTP1021,Glengoole,/var/www/html/public/uploads/sites/Glengoole 48m - TTP1021/Licence Maps/,Glengoole - TTP1021 - TCF01 - Rev 1.0.pdf,,Glengoole - TTP1021 - TCF01 - Rev 1.0.pdf
TWW3008,Glenteige,/var/www/html/public/uploads/sites/Glenteige - TWW3008/Licence Maps/,Glenteige - TWW3008 - TCF01 - Rev 1.0.pdf,,Glenteige - TWW3008 - TCF01 - Rev 1.0.pdf
TDL2021,Glenties,/var/www/html/public/uploads/sites/Glenties - TDL2021/Licence Maps/,Glenties - TDL2021 - TCF01 - Rev 1.0.pdf,,Glenties - TDL2021 - TCF01 - Rev 1.0.pdf
TKY1022,Inchee,/var/www/html/public/uploads/sites/Inchee - TKY1022/Licence Maps/,Inchee - TKY1022 - TCF01 - Rev 1.0.pdf,,Inchee - TKY1022 - TCF01 - Rev 1.0.pdf
TGY2022,Inisheer,/var/www/html/public/uploads/sites/Inisheer - TGY2022/Licence Maps/,Inisheer - TGY2022 - TCF01 - Rev 1.0.pdf,,Inisheer - TGY2022 - TCF01 - Rev 1.0.pdf
TGY2023,Inishmaan,/var/www/html/public/uploads/sites/Inishmaan - TGY2023/Licence Maps/,Inishmaan - TGY2023 - TCF01 - Rev 1.0.pdf,,Inishmaan - TGY2023 - TCF01 - Rev 1.0.pdf
TKY2024,Kenmare,/var/www/html/public/uploads/sites/Kenmare - TKY2024/Licence Maps/,Kenmare - TKY2024 - TCF01 - Rev 1.0.pdf,,Kenmare - TKY2024 - TCF01 - Rev 1.0.pdf
TMO1023,Kilbride,/var/www/html/public/uploads/sites/Kilbride - TMO1023/Licence Maps/,Kilbride - TMO1023 - TCF01 - Rev 1.0.pdf,,Kilbride - TMO1023 - TCF01 - Rev 1.0.pdf
TCE1024,Kilcornan,/var/www/html/public/uploads/sites/Kilcornan - TCE1024/Licence Maps/,Kilcornan - TCE1024 - TCF01 - Rev 1.0.pdf,,Kilcornan - TCE1024 - TCF01 - Rev 1.0.pdf
TCK3009,Kildorrery,/var/www/html/public/uploads/sites/Kildorrery - TCK3009/Licence Maps/,Kildorrery - TCK3009 - TCF01 - Rev 1.0.pdf,,Kildorrery - TCK3009 - TCF01 - Rev 1.0.pdf
TKY1025,Kilkeaveragh,/var/www/html/public/uploads/sites/Kilkeaveragh - TKY1025/Licence Maps/,Kilkeaveragh - TKY1025 - TCF01 - Rev 1.0.pdf,,Kilkeaveragh - TKY1025 - TCF01 - Rev 1.0.pdf
TKY2025,Killarney,/var/www/html/public/uploads/sites/Killarney - TKY2025/Licence Maps/,Killarney - TKY2025 - TCF01 - Rev 1.0.pdf,,Killarney - TKY2025 - TCF01 - Rev 1.0.pdf
TWX2026,Kilmuckridge,/var/www/html/public/uploads/sites/Kilmuckridge - TWX2026/Licence Maps/,Kilmuckridge - TWX2026 - TCF01 - Rev 1.0.pdf,,Kilmuckridge - TWX2026 - TCF01 - Rev 1.0.pdf
TGY2027,Kilronan,/var/www/html/public/uploads/sites/Kilronan - TGY2027/Licence Maps/,Kilronan - TGY2027 - TCF01 - Rev 1.0.pdf,,Kilronan - TGY2027 - TCF01 - Rev 1.0.pdf
TCE2028,Kilrush,/var/www/html/public/uploads/sites/Kilrush - TCE2028/Licence Maps/,Kilrush Licence Map TCF.pdf,,Kilrush Licence Map TCF.pdf
TCK1026,Knockaneagh,/var/www/html/public/uploads/sites/Knockaneagh - TCK1026/Licence Maps/,Knockaneagh - TCK1026 - TCF01 - Rev 1.0.pdf,,Knockaneagh - TCK1026 - TCF01 - Rev 1.0.pdf
TLK1027,Knockanimpaha,/var/www/html/public/uploads/sites/Knockanimpaha - TLK1027/Licence Maps/,Knockanimpaha - TLK1027 - TCF01 - Rev 1.0.pdf,,Knockanimpaha - TLK1027 - TCF01 - Rev 1.0.pdf
TKY1028,Knockanore,/var/www/html/public/uploads/sites/Knockanore - TKY1028/Licence Maps/,Knockanore - TKY1028 - TCF01 - Rev 1.0.pdf,,Knockanore - TKY1028 - TCF01 - Rev 1.0.pdf
TCK1029,Knockgour,/var/www/html/public/uploads/sites/Knockgour - TCK1029/Licence Maps/,Knockgour - TCK1029 - TCF01 - Rev 1.0.pdf,,Knockgour - TCK1029 - TCF01 - Rev 1.0.pdf
TGY1030,Knockletterfore,/var/www/html/public/uploads/sites/Knockletterfore - TGY1030/Licence Maps/,Knockletterfore - TGY1030 - TCF01 - Rev 1.0.pdf,,Knockletterfore - TGY1030 - TCF01 - Rev 1.0.pdf
TLS2029,Knockmay,/var/www/html/public/uploads/sites/Knockmay - TLS2029/Licence Maps/,Knockmay - TLS2029 - TCF01 - Rev 1.0.pdf,,Knockmay - TLS2029 - TCF01 - Rev 1.0.pdf
TKY1031,Knocknaboul,/var/www/html/public/uploads/sites/Knocknaboul - TKY1031/Licence Maps/,Knocknaboul - TKY1031 - TCF01 - Rev 1.0.pdf,,Knocknaboul - TKY1031 - TCF01 - Rev 1.0.pdf
TTP1032,Laghtseefin,/var/www/html/public/uploads/sites/TTP1032/Licence Maps/,Laghtseefin - TTP1032 - TCF01 - Rev 1.0.pdf,,Laghtseefin - TTP1032 - TCF01 - Rev 1.0.pdf
TGY2030,Letterfrack,/var/www/html/public/uploads/sites/Letterfrack - TGY2030/Licence Maps/,Letterfrack - TGY2030 - TCF01 - Rev 1.0.pdf,,Letterfrack - TGY2030 - TCF01 - Rev 1.0.pdf
TKY2031,Listowel,/var/www/html/public/uploads/sites/Listowel - TKY2031/Licence Maps/,Listowel - TKY2031 - TCF01 - Rev 1.0.pdf,,Listowel - TKY2031 - TCF01 - Rev 1.0.pdf
TCK2032,Mallow,/var/www/html/public/uploads/sites/Mallow - TCK2032/Licence Maps/,Mallow - TCK2032 - TCF01 - Rev 1.0.pdf,,Mallow - TCK2032 - TCF01 - Rev 1.0.pdf
TGY2033,Mervue,/var/www/html/public/uploads/sites/Mervue - TGY2033/Licence Maps/,Mervue - TGY2033 - TCF01 - Rev 1.0.pdf,,Mervue - TGY2033 - TCF01 - Rev 1.0.pdf
TMO1033,Minaun Heights,/var/www/html/public/uploads/sites/Minaun Heights - TMO1033/Licence Maps/,Minaun Heights - TMO1033 - TCF01 - Rev 1.0.pdf,,Minaun Heights - TMO1033 - TCF01 - Rev 1.0.pdf
TDL1034,Mongorry Hill,/var/www/html/public/uploads/sites/Mongorry Hill - TDL1034/Licence Maps/,Mongorry Hill - TDL1034 - TCF01 - Rev 1.0.pdf,,Mongorry Hill - TDL1034 - TCF01 - Rev 1.0.pdf
TKY1035,Mount Eagle,/var/www/html/public/uploads/sites/Mount Eagle - TKY1035/Licence Maps/,Mount Eagle - TKY1035 - TCF01 - Rev 1.0.pdf,,Mount Eagle - TKY1035 - TCF01 - Rev 1.0.pdf
TLH1036,Mount Oriel,/var/www/html/public/uploads/sites/Mount Oriel - TLH1036/Licence Maps/,Mount Oriel Licence Map TCF.pdf,,Mount Oriel Licence Map TCF.pdf
TCE1037,Moveen Hill,/var/www/html/public/uploads/sites/Moveen Hill - TCE1037/Licence Maps/,Moveen Hill - TCE1037 - TCF01 - Rev 1.0.pdf,,Moveen Hill - TCE1037 - TCF01 - Rev 1.0.pdf
TDL1038,Mulmosog,/var/www/html/public/uploads/sites/Mulmosog - TDL1038/Licence Maps/,Mulmosog - TDL1038 - TCF01 - Rev 1.0.pdf,,Mulmosog - TDL1038 - TCF01 - Rev 1.0.pdf
TSO2034,Rathedmond,/var/www/html/public/uploads/sites/Rathedmond - TSO2034/Licence Maps/,Rathedmond - TSO2034 - TCF01 - Rev 1.0.pdf,,Rathedmond - TSO2034 - TCF01 - Rev 1.0.pdf
TWH2035,Roslevin,/var/www/html/public/uploads/sites/Roslevin - TWH2035/Licence Maps/,Roslevin - TWH2035 - TCF01 - Rev 1.0.pdf,,Roslevin - TWH2035 - TCF01 - Rev 1.0.pdf
TMO1039,Shanettra,/var/www/html/public/uploads/sites/Shanettra - TMO1039/Licence Maps/,Shanettra - TMO1039 - TCF01 - Rev 1.0.pdf,,Shanettra - TMO1039 - TCF01 - Rev 1.0.pdf
TWX1040,Shelmalier,/var/www/html/public/uploads/sites/Shelmalier 20m - TWX1047/Licence Maps/,Shelmalier - TWX1047 & TWX1040 - TCF01 - Rev 1.0,,Shelmalier - TWX1047 & TWX1040 - TCF01 - Rev 1.0
TWX1040,Shelmalier,/var/www/html/public/uploads/sites/Shelmalier 43m - TWX1040/Licence Maps/,Shelmalier - TWX1047 & TWX1040 - TCF01 - Rev 1.0,,Shelmalier - TWX1047 & TWX1040 - TCF01 - Rev 1.0
TOY2036,Walsh Island,/var/www/html/public/uploads/sites/Walsh Island - TOY2036/Licence Maps/,Walsh Island - TOY2036 - TCF01 - Rev 1.0.pdf,,Walsh Island - TOY2036 - TCF01 - Rev 1.0.pdf
TWX2037,Wexford,/var/www/html/public/uploads/sites/Wexford - TWX2037/Licence Maps/,Wexford - TWX2037 - TCF01 - Rev 1.0.pdf,,Wexford - TWX2037 - TCF01 - Rev 1.0.pdf
TCK1042,Whitechurch,/var/www/html/public/uploads/sites/Whitechurch - TCK1042/Licence Maps/,Whitechurch - TCK1042 - TCF01 - Rev 1.0.pdf,,Whitechurch - TCK1042 - TCF01 - Rev 1.0.pdf
