Site ID,Site Name,Blackknight Location,Blacknight Filename,Target Site Destination Folder,Target Site File Name
TLK7301,Abbeyfeale,/var/www/html/public/uploads/sites/TLK7301/Access/,TC016_TLK7301 Site Access Info Abbeyfeale.pdf,,TC016_TLK7301 Site Access Info Abbeyfeale.pdf
TCK5002,Aherla,/var/www/html/public/uploads/sites/TCK5002/Access/,TC016_TCK5002 Site Access Info Aherla.pdf,,TC016_TCK5002 Site Access Info Aherla.pdf
TKY6028,Anablaha,/var/www/html/public/uploads/sites/Anablaha - TKY6028/Access/,TC016_TKY6028 Site Access Info Anablaha.pdf,,TC016_TKY6028 Site Access Info Anablaha.pdf
TGY5003,Ardrahan,/var/www/html/public/uploads/sites/TGY5003/Access/,TC016_TGY5003 Site Access Info Ardrahan.pdf,,TC016_TGY5003 Site Access Info Ardrahan.pdf
TWW3001,Arklow,/var/www/html/public/uploads/sites/Arklow - TWW3001/Access/,TC016_TWW3001 Site Access Info Arklow.pdf,,TC016_TWW3001 Site Access Info Arklow.pdf
TDL2001,Arranmore,/var/www/html/public/uploads/sites/Arranmore - TDL2001/Access/,TC016_TDL2001 Site Access Info Arranmore.pdf,,TC016_TDL2001 Site Access Info Arranmore.pdf
TCN5006,Arvanagh,/var/www/html/public/uploads/sites/TCN5006/Access/,TC016_TCN5006 Site Access Info Arvanagh.pdf,,TC016_TCN5006 Site Access Info Arvanagh.pdf
TMH6457,Athboy,/var/www/html/public/uploads/sites/Athboy - TMH6057/Access/,TC016_TMH6057 Site Access Info Athboy.pdf,,TC016_TMH6057 Site Access Info Athboy.pdf
TLK5007,Athea,/var/www/html/public/uploads/sites/TLK5007/Access/,TC016_TLK5007 Site Access Info Athea.pdf,,TC016_TLK5007 Site Access Info Athea.pdf
TGY5008,Athenry,/var/www/html/public/uploads/sites/TGY5008/Access/,TC016_TGY5008 Site Access Info Athenry.pdf,,TC016_TGY5008 Site Access Info Athenry.pdf
TWH4001,Athlone HPO,/var/www/html/public/uploads/sites/Athlone HPO - TWH4001/Access/,TC016_AT  Site Access Info Athlone HPO (Tower Access).pdf,,TC016_AT  Site Access Info Athlone HPO (Tower Access).pdf
TGY6318,Aughrim,/var/www/html/public/uploads/sites/Aughrim - TGY6018/Access/,TC016_TGY6018 Site Access Info Aughrim.pdf,,TC016_TGY6018 Site Access Info Aughrim.pdf
TMO6047,Ayle,/var/www/html/public/uploads/sites/Ayle - TMO6047/Access/,TC016_TMO6047 Site Access Info Ayle.pdf,,TC016_TMO6047 Site Access Info Ayle.pdf
TMO5012,Balla,/var/www/html/public/uploads/sites/TMO5012/Access/,TC016_TMO5012 Site Access Info Balla.pdf,,TC016_TMO5012 Site Access Info Balla.pdf
TMO1001,Ballina,/var/www/html/public/uploads/sites/Ballina - TMO1001/Access/,TC016_TMO1001 Site Access Info Ballina.pdf,,TC016_TMO1001 Site Access Info Ballina.pdf
TWX5030,Ballinaboola,/var/www/html/public/uploads/sites/TWX5030/Access/,TC016_TWX5030 Site Access Info Ballinaboola.pdf,,TC016_TWX5030 Site Access Info Ballinaboola.pdf
TCK6005,Ballinaclashet,/var/www/html/public/uploads/sites/Ballinaclashet - TCK6005/Access/,TC016_TCK6005 Site Access Info Ballinaclashet.pdf,,TC016_TCK6005 Site Access Info Ballinaclashet.pdf
TCK5018,Ballinhassig,/var/www/html/public/uploads/sites/TCK5018/Access/,TC016_TCK5018 Site Access Info Ballinhassig.pdf,,TC016_TCK5018 Site Access Info Ballinhassig.pdf
TMO2002,Ballinrobe,/var/www/html/public/uploads/sites/Ballinrobe - TMO2002/Access/,TC016_TMO2002 Site Access Info Ballinrobe.pdf,,TC016_TMO2002 Site Access Info Ballinrobe.pdf
TDU5020,Ballyboden,/var/www/html/public/uploads/sites/TDU5020/Access/,TC016_TDU5020 Site Access Info Ballyboden.pdf,,TC016_TDU5020 Site Access Info Ballyboden.pdf
TLS5013,Ballycolla,/var/www/html/public/uploads/sites/TLS5013/Access/,TC016_TLS5013 Site Access Info Ballycolla.pdf,,TC016_TLS5013 Site Access Info Ballycolla.pdf
TKY6029,Ballydavid,/var/www/html/public/uploads/sites/Ballydavid - TKY6029/Access/,TC016_TKY6029 Site Access Info Ballydavid.pdf,,TC016_TKY6029 Site Access Info Ballydavid.pdf
TRN5021,Ballyfarnan,/var/www/html/public/uploads/sites//Access/,TC016_ Site Access Info Ballyfarnan.pdf,,TC016_ Site Access Info Ballyfarnan.pdf
TGY6419,Ballygar,/var/www/html/public/uploads/sites/Ballygar - TGY6019/Access/,TC016_TGY6019 Site Access Info Ballygar.pdf,,TC016_TGY6019 Site Access Info Ballygar.pdf
TCK6006,Ballygarvan,/var/www/html/public/uploads/sites/Ballygarvan - TCK6006/Access/,TC016_TCK6006 Site Access Info Ballygarvan.pdf,,TC016_TCK6006 Site Access Info Ballygarvan.pdf
TWW1002,Ballyguile,/var/www/html/public/uploads/sites/Ballyguile 12m - TWW1043/Access/,TC016_TWW1043 Site Access Info Ballyguile 12m.pdf,,TC016_TWW1043 Site Access Info Ballyguile 12m.pdf
TWW1002,Ballyguile,/var/www/html/public/uploads/sites/Ballyguile 52m - TWW1002/Access/,TC016_TWW1002 Site Access Info Ballyguile 52m.pdf,,TC016_TWW1002 Site Access Info Ballyguile 52m.pdf
TCN7304,Ballyhaise,/var/www/html/public/uploads/sites/TCN7304/Access/,TC016_TCN7304 Site Access Info Ballyhaise.pdf,,TC016_TCN7304 Site Access Info Ballyhaise.pdf
TMO6048,Ballyhaunis,/var/www/html/public/uploads/sites/Ballyhaunis - TMO6048/Access/,TC016_TMO6048 Site Access Info Ballyhaunis.pdf,,TC016_TMO6048 Site Access Info Ballyhaunis.pdf
TLK1003,Ballyhoura,/var/www/html/public/uploads/sites/Ballyhoura - TLK1003/Access/,TC016_TLK1003 Site Access Info Ballyhoura.pdf,,TC016_TLK1003 Site Access Info Ballyhoura.pdf
TCK4002,Ballymakeeraa,/var/www/html/public/uploads/sites/Ballymakeeraa - TCK4002/Access/,TC016_TCK4002 Site Access Info Ballymakeeraa.pdf,,TC016_TCK4002 Site Access Info Ballymakeeraa.pdf
TRN5028,Ballymoe,/var/www/html/public/uploads/sites/TRN5028/Access/,TC016_TRN5028 Site Access Info Ballymoe.pdf,,TC016_TRN5028 Site Access Info Ballymoe.pdf
TWH6065,Ballymore,/var/www/html/public/uploads/sites/Ballymore - TWH6065/Access/,TC016_TWH6065 Site Access Info Ballymore.pdf,,TC016_TWH6065 Site Access Info Ballymore.pdf
TKE5029,Ballymore Eustace,/var/www/html/public/uploads/sites/TKE5029/Access/,TC016_TKE5029 Site Access Info Ballymore Eustace.pdf,,TC016_TKE5029 Site Access Info Ballymore Eustace.pdf
TSO5027,Ballymote,/var/www/html/public/uploads/sites/TSO5027/Access/,TC016_TSO5027 Site Access Info Ballymote.pdf,,TC016_TSO5027 Site Access Info Ballymote.pdf
TKK7305,Ballyragget,/var/www/html/public/uploads/sites/TKK7305/Access/,TC016_TKK7305 Site Access Info Ballyragget.pdf,,TC016_TKK7305 Site Access Info Ballyragget.pdf
TKK1004,Ballyspellan,/var/www/html/public/uploads/sites/Ballyspellan - TKK1004/Access/,TC016_TKK1004 Site Access Info Ballyspellan.pdf,,TC016_TKK1004 Site Access Info Ballyspellan.pdf
TCK6407,Baltimore,/var/www/html/public/uploads/sites/Baltimore - TCK6007/Access/,TC016_TCK6007 Site Access Info Baltimore.pdf,,TC016_TCK6007 Site Access Info Baltimore.pdf
TWW5033,Baltinglass,/var/www/html/public/uploads/sites/TWW5033/Access/,TC016_TWW5033 Site Access Info Baltinglass.pdf,,TC016_TWW5033 Site Access Info Baltinglass.pdf
TCK5034,Bantry,/var/www/html/public/uploads/sites/TCK5034/Access/,TC016_TCK5034 Site Access Info Bantry.pdf,,TC016_TCK5034 Site Access Info Bantry.pdf
TDL1005,Barnesmore,/var/www/html/public/uploads/sites/Barnesmore - TDL1005/Access/,TC016_TDL1005 Site Access Info Barnesmore.pdf,,TC016_TDL1005 Site Access Info Barnesmore.pdf
TCE2003,Behagh,/var/www/html/public/uploads/sites/Behagh - TCE2003/Access/,TC016_TCE2003 Site Access Info Behagh.pdf,,TC016_TCE2003 Site Access Info Behagh.pdf
TMO2004,Belmullet,/var/www/html/public/uploads/sites/Belmullet - TMO2004/Access/,TC016_TMO2004 Site Access Info Belmullet.pdf,,TC016_TMO2004 Site Access Info Belmullet.pdf
TCN5036,Belturbet,/var/www/html/public/uploads/sites/TCN5036/Access/,TC016_TCN5036 Site Access Info Belturbet.pdf,,TC016_TCN5036 Site Access Info Belturbet.pdf
TCE1006,Ben Dash,/var/www/html/public/uploads/sites/Ben Dash - TCE1006/Access/,TC016_TCE1006 Site Access Info Ben Dash.pdf,,TC016_TCE1006 Site Access Info Ben Dash.pdf
TMH5037,Bettystown,/var/www/html/public/uploads/sites/TMH5037/Access/,TC016_TMH5037 Site Access Info Bettystown.pdf,,TC016_TMH5037 Site Access Info Bettystown.pdf
TMO6349,Blacksod,/var/www/html/public/uploads/sites/Blacksod - TMO6049/Access/,TC016_TMO6049 Site Access Info Blacksod.pdf,,TC016_TMO6049 Site Access Info Blacksod.pdf
TWX4003,Blackwater RSU,/var/www/html/public/uploads/sites/Blackwater RSU - TWX4003/Access/,TC016_TWX4003 Site Access Info Blackwater RSU.pdf,,TC016_TWX4003 Site Access Info Blackwater RSU.pdf
TDU7308,Blanchardstown,/var/www/html/public/uploads/sites/TDU7308/Access/,TC016_TDU7308 Site Access Info Blanchardstown.pdf,,TC016_TDU7308 Site Access Info Blanchardstown.pdf
TCK7309,Blarney,/var/www/html/public/uploads/sites/TCK7309/Access/,TC016_TCK7309 Site Access Info Blarney.pdf,,TC016_TCK7309 Site Access Info Blarney.pdf
TTP6063,Borrisokane,/var/www/html/public/uploads/sites/Borrisokane - TTP6063/Access/,TC016_TTP6063 Site Access Info Borrisokane.pdf,,TC016_TTP6063 Site Access Info Borrisokane.pdf
TRN7007,Boyle,/var/www/html/public/uploads/sites/TRN7007/Access/,TC016_TRN7007 Site Access Info Boyle.pdf,,TC016_TRN7007 Site Access Info Boyle.pdf
TOY2005,Bracknagh,/var/www/html/public/uploads/sites/Bracknagh - TKE2005/Access/,TC016_TKE2005 Site Access Info Bracknagh.pdf,,TC016_TKE2005 Site Access Info Bracknagh.pdf
TSO1007,Bralee,/var/www/html/public/uploads/sites/Bralee - TSO1007/Access/,TC016_TSO1007 Site Access Info Bralee.pdf,,TC016_TSO1007 Site Access Info Bralee.pdf
TKY6030,Brosna,/var/www/html/public/uploads/sites/Brosna - TKY6030/Access/,TC016_TKY6030 Site Access Info Brosna.pdf,,TC016_TKY6030 Site Access Info Brosna.pdf
TDL2006,Bunbeg,/var/www/html/public/uploads/sites/Bunbeg - TDL2006/Access/,TC016_TDL2006 Site Access Info Bunbeg.pdf,,TC016_TDL2006 Site Access Info Bunbeg.pdf
TDL7310,Bundoran,/var/www/html/public/uploads/sites/TDL7310/Access/,TC016_TDL7310 Site Access Info Bundoran.pdf,,TC016_TDL7310 Site Access Info Bundoran.pdf
TCK3002,Bweeng,/var/www/html/public/uploads/sites/Bweeng 30m - TCK3022/Access/,TC016_TCK3022 Site Access Info Bweeng 30m.pdf,,TC016_TCK3022 Site Access Info Bweeng 30m.pdf
TCK3002,Bweeng,/var/www/html/public/uploads/sites/Bweeng 47m - TCK3002/Access/,TC016_TCK3002 Site Access Info Bweeng 47m.pdf,,TC016_TCK3002 Site Access Info Bweeng 47m.pdf
TDU5045,Cabra,/var/www/html/public/uploads/sites/TDU5045/Access/,TC016_TDU5045 Site Access Info Cabra.pdf,,TC016_TDU5045 Site Access Info Cabra.pdf
TKY1008,Caherdaniel,/var/www/html/public/uploads/sites/Caherdaniel - TKY1008/Access/,TC016_TKY1008 Site Access Info Caherdaniel.pdf,,TC016_TKY1008 Site Access Info Caherdaniel.pdf
TKY6431,Caherdaniel,/var/www/html/public/uploads/sites/Caherdaniel - TKY6031/Access/,TC016_TKY6031 Site Access Info Caherdaniel.pdf,,TC016_TKY6031 Site Access Info Caherdaniel.pdf
TLK7312,Caherdavin,/var/www/html/public/uploads/sites/TLK7312/Access/,TC016_TLK7312 Site Access Info Caherdavin.pdf,,TC016_TLK7312 Site Access Info Caherdavin.pdf
TWX2007,Campile,/var/www/html/public/uploads/sites/Campile - TWX2007/Access/,TC016_TWX2007 Site Access Info Campile.pdf,,TC016_TWX2007 Site Access Info Campile.pdf
TLS1010,Capard,/var/www/html/public/uploads/sites/Capard 21m - TLS1044/Access/,TC016_TLS1044 Site Access Info Capard 21m.pdf,,TC016_TLS1044 Site Access Info Capard 21m.pdf
TLS1010,Capard,/var/www/html/public/uploads/sites/Capard 38m - TLS1010/Access/,TC016_TLS1010 Site Access Info Capard 38m.pdf,,TC016_TLS1010 Site Access Info Capard 38m.pdf
TKE1009,Cappagh,/var/www/html/public/uploads/sites/Cappagh - TKE1009/Access/,TC016_TKE1009 Site Access Info Cappagh.pdf,,TC016_TKE1009 Site Access Info Cappagh.pdf
TKY1011,Capparoe,/var/www/html/public/uploads/sites/Capparoe - TKY1011/Access/,TC016_TKY1011 Site Access Info Capparoe.pdf,,TC016_TKY1011 Site Access Info Capparoe.pdf
TGY1012,Cappataggle,/var/www/html/public/uploads/sites/Cappataggle 41m - TGY1046/Access/,TC016_TGY1046 Site Access Info Cappataggle 41m.pdf,,TC016_TGY1046 Site Access Info Cappataggle 41m.pdf
TGY1012,Cappataggle,/var/www/html/public/uploads/sites/Cappataggle 47m - TGY1012/Access/,TC016_TGY1012 Site Access Info Cappataggle 47m.pdf,,TC016_TGY1012 Site Access Info Cappataggle 47m.pdf
TMH5050,Carlanstown,/var/www/html/public/uploads/sites/TMH5050/Access/,TC016_TMH5050 Site Access Info Carlanstown.pdf,,TC016_TMH5050 Site Access Info Carlanstown.pdf
TCW5053,Carlow Town Centre,/var/www/html/public/uploads/sites/TCW5053/Access/,TC016_TCW5053 Site Access Info Carlow Town Centre.pdf,,TC016_TCW5053 Site Access Info Carlow Town Centre.pdf
TCW5052,Carlow Town North,/var/www/html/public/uploads/sites/TCW5052/Access/,TC016_TCW5052 Site Access Info Carlow Town North.pdf,,TC016_TCW5052 Site Access Info Carlow Town North.pdf
TDL6312,Carndonagh,/var/www/html/public/uploads/sites/Carndonagh - TDL6012/Access/,TC016_TDL6012 Site Access Info Carndonagh.pdf,,TC016_TDL6012 Site Access Info Carndonagh.pdf
TCE1013,Carran,/var/www/html/public/uploads/sites/Carran - TCE1013/Access/,TC016_TCE1013 Site Access Info Carran.pdf,,TC016_TCE1013 Site Access Info Carran.pdf
TMN2008,Carrickmacross,/var/www/html/public/uploads/sites/Carrickmacross - TMN2008/Access/,TC016_TMN2008 Site Access Info Carrickmacross.pdf,,TC016_TMN2008 Site Access Info Carrickmacross.pdf
TTP3003,Carrigadoon Hill,/var/www/html/public/uploads/sites/Carrigadoon Hill - TTP3003/Access/,TC016_TTP3003 Site Access Info Carrigadoon Hill.pdf,,TC016_TTP3003 Site Access Info Carrigadoon Hill.pdf
TGY6020,Cashel,/var/www/html/public/uploads/sites/Cashel - TGY6020/Access/,TC016_TGY6020 Site Access Info Cashel.pdf,,TC016_TGY6020 Site Access Info Cashel.pdf
TSO2009,Cashelgarren,/var/www/html/public/uploads/sites/Cashelgarren - TSO2009/Access/,TC016_TSO2009 Site Access Info Cashelgarren.pdf,,TC016_TSO2009 Site Access Info Cashelgarren.pdf
TMO2010,Castlebar,/var/www/html/public/uploads/sites/Castlebar - TMO2010/Access/,TC016_TMO2010 Site Access Info Castlebar.pdf,,TC016_TMO2010 Site Access Info Castlebar.pdf
TCK2011,Castletownbere,/var/www/html/public/uploads/sites/Castletownbere - TCK2011/Access/,TC016_TCK2011 Site Access Info Castletownbere.pdf,,TC016_TCK2011 Site Access Info Castletownbere.pdf
TCN7315,Cavan,/var/www/html/public/uploads/sites/TCN7315/Access/,TC016_TCN7315 Site Access Info Cavan.pdf,,TC016_TCN7315 Site Access Info Cavan.pdf
TKE6435,Celbridge,/var/www/html/public/uploads/sites/Celbridge - TKE6035/Access/,TC016_TKE6035 Site Access Info Celbridge.pdf,,TC016_TKE6035 Site Access Info Celbridge.pdf
TCK2012,Churchfield,/var/www/html/public/uploads/sites/Churchfield - TCK2012/Access/,TC016_TCK2012 Site Access Info Churchfield.pdf,,TC016_TCK2012 Site Access Info Churchfield.pdf
TDU4004,City West,/var/www/html/public/uploads/sites/City West - TDU4004/Access/,TC016_TDU4004 Site Access Info City West.pdf,,TC016_TDU4004 Site Access Info City West.pdf
TKE6336,Clane,/var/www/html/public/uploads/sites/Clane - TKE6036/Access/,TC016_TKE6036 Site Access Info Clane.pdf,,TC016_TKE6036 Site Access Info Clane.pdf
TGY1014,Clifden O'Malley,/var/www/html/public/uploads/sites/Clifden O'Malley - TGY1014/Access/,TC016_TGY1014 Site Access Info Clifden O'Malley.pdf,,TC016_TGY1014 Site Access Info Clifden O'Malley.pdf
TGY6021,Clonbern,/var/www/html/public/uploads/sites/Clonbern - TGY6021/Access/,TC016_TGY6021 Site Access Info Clonbern.pdf,,TC016_TGY6021 Site Access Info Clonbern.pdf
TRN5077,Cloonfad,/var/www/html/public/uploads/sites/TRN5077/Access/,TC016_TRN5077 Site Access Info Cloonfad.pdf,,TC016_TRN5077 Site Access Info Cloonfad.pdf
TLS6037,Clough,/var/www/html/public/uploads/sites/Clough - TLS6037/Access/,TC016_TLS6037 Site Access Info Clough.pdf,,TC016_TLS6037 Site Access Info Clough.pdf
TDU2013,Coolmine,/var/www/html/public/uploads/sites/Coolmine - TDU2013/Access/,TC016_TDU2013 Site Access Info Coolmine.pdf,,TC016_TDU2013 Site Access Info Coolmine.pdf
TLS6038,Coolrain,/var/www/html/public/uploads/sites/Coolrain - TLS6038/Access/,TC016_TLS6038 Site Access Info Coolrain.pdf,,TC016_TLS6038 Site Access Info Coolrain.pdf
TCN7018,Cootehill,/var/www/html/public/uploads/sites/TCN7018/Access/,TC016_TCN7018 Site Access Info Cootehill.pdf,,TC016_TCN7018 Site Access Info Cootehill.pdf
TCK1015,Coronea,/var/www/html/public/uploads/sites/Coronea - TCK1015/Access/,TC016_TCK1015 Site Access Info Coronea.pdf,,TC016_TCK1015 Site Access Info Coronea.pdf
TWX7020,Courtown,/var/www/html/public/uploads/sites/TWX7020/Access/,TC016_TWX7020 Site Access Info Courtown.pdf,,TC016_TWX7020 Site Access Info Courtown.pdf
TDL6013,Creeslough,/var/www/html/public/uploads/sites/Creeslough - TDL6013/Access/,TC016_TDL6013 Site Access Info Creeslough.pdf,,TC016_TDL6013 Site Access Info Creeslough.pdf
TMO6450,Croaghmoyle,/var/www/html/public/uploads/sites/Croaghmoyle - TMO6050/Access/,TC016_TMO6050 Site Access Info Croaghmoyle.pdf,,TC016_TMO6050 Site Access Info Croaghmoyle.pdf
TLK7021,Croom,/var/www/html/public/uploads/sites/TLK7021/Access/,TC016_TLK7021 Site Access Info Croom.pdf,,TC016_TLK7021 Site Access Info Croom.pdf
TMH5085,Crossakiel,/var/www/html/public/uploads/sites/TMH5085/Access/,TC016_TMH5085 Site Access Info Crossakiel.pdf,,TC016_TMH5085 Site Access Info Crossakiel.pdf
TLS4005,Cullahill Exchange,/var/www/html/public/uploads/sites/Cullahill Exchange - TLS4005/Access/,TC016_TLS4005 Site Access Info Cullahill Exchange.pdf,,TC016_TLS4005 Site Access Info Cullahill Exchange.pdf
TKY1016,Curraross,/var/www/html/public/uploads/sites/Curraross - TKY1016/Access/,TC016_TKY1016 Site Access Info Curraross.pdf,,TC016_TKY1016 Site Access Info Curraross.pdf
TDU3004,Dame Court,/var/www/html/public/uploads/sites/Dame Court - TDU3004/Access/,TC016_DC Site Access Info Dame Court.pdf,,TC016_DC Site Access Info Dame Court.pdf
TWH6066,Delvin,/var/www/html/public/uploads/sites/Delvin - TWH6066/Access/,TC016_TWH6066 Site Access Info Delvin.pdf,,TC016_TWH6066 Site Access Info Delvin.pdf
TKY1017,Derryquin,/var/www/html/public/uploads/sites/Derryquin - TKY1017/Access/,TC016_TKY1017 Site Access Info Derryquin.pdf,,TC016_TKY1017 Site Access Info Derryquin.pdf
TKY2014,Dingle,/var/www/html/public/uploads/sites/Dingle - TKY2014/Access/,TC016_TKY2014 Site Access Info Dingle.pdf,,TC016_TKY2014 Site Access Info Dingle.pdf
TRN6361,Donamon,/var/www/html/public/uploads/sites/Donamon - TRN6061/Access/,TC016_TRN6061 Site Access Info Donamon.pdf,,TC016_TRN6061 Site Access Info Donamon.pdf
TDL3005,Donegal Exchange,/var/www/html/public/uploads/sites/Donegal Exchange - TDL3005/Access/,TC016_DE Site Access Info Donegal Exchange.pdf,,TC016_DE Site Access Info Donegal Exchange.pdf
TLK7321,Dooradoyle,/var/www/html/public/uploads/sites/TLK7321/Access/,TC016_TLK7321 Site Access Info Dooradoyle.pdf,,TC016_TLK7321 Site Access Info Dooradoyle.pdf
TCK5094,Douglas,/var/www/html/public/uploads/sites/TCK5094/Access/,TC016_TCK5094 Site Access Info Douglas.pdf,,TC016_TCK5094 Site Access Info Douglas.pdf
TLM6040,Dowra,/var/www/html/public/uploads/sites/Dowra - TLM6040/Access/,TC016_TLM6040 Site Access Info Dowra.pdf,,TC016_TLM6040 Site Access Info Dowra.pdf
TCK7322,Drinagh,/var/www/html/public/uploads/sites/TCK7322/Access/,TC016_TCK7322 Site Access Info Drinagh.pdf,,TC016_TCK7322 Site Access Info Drinagh.pdf
TLH6446,Drogheda,/var/www/html/public/uploads/sites/Drogheda - TLH6046/Access/,TC016_TLH6046 Site Access Info Drogheda.pdf,,TC016_TLH6046 Site Access Info Drogheda.pdf
TWX1018,Drumgold,/var/www/html/public/uploads/sites/Drumgold - TWX1018/Access/,TC016_TWX1018 Site Access Info Drumgold.pdf,,TC016_TWX1018 Site Access Info Drumgold.pdf
TLM6041,Drumkeeran,/var/www/html/public/uploads/sites/Drumkeeran - TLM6041/Access/,TC016_TLM6041 Site Access Info Drumkeeran.pdf,,TC016_TLM6041 Site Access Info Drumkeeran.pdf
TMH5102,Dunboyne,/var/www/html/public/uploads/sites/TMH5102/Access/,TC016_TMH5102 Site Access Info Dunboyne.pdf,,TC016_TMH5102 Site Access Info Dunboyne.pdf
TLH2015,Dundalk Ramparts,/var/www/html/public/uploads/sites/Dundalk Ramparts - TLH2015/Access/,TC016_TLH2015 Site Access Info Dundalk Ramparts.pdf,,TC016_TLH2015 Site Access Info Dundalk Ramparts.pdf
TDL2016,Dunglow,/var/www/html/public/uploads/sites/Dunglow - TDL2016/Access/,TC016_TDL2016 Site Access Info Dunglow.pdf,,TC016_TDL2016 Site Access Info Dunglow.pdf
TGY6322,Duniry,/var/www/html/public/uploads/sites/Duniry - TGY6022/Access/,TC016_TGY6022 Site Access Info Duniry.pdf,,TC016_TGY6022 Site Access Info Duniry.pdf
TGY7323,Dunmore,/var/www/html/public/uploads/sites/TGY7323/Access/,TC016_TGY7323 Site Access Info Dunmore.pdf,,TC016_TGY7323 Site Access Info Dunmore.pdf
TKE1019,Dunmurry Hill,/var/www/html/public/uploads/sites/Dunmurry Hill - TKE1019/Access/,TC016_TKE1019 Site Access Info Dunmurry Hill.pdf,,TC016_TKE1019 Site Access Info Dunmurry Hill.pdf
TMH7023,Dunshaughlin,/var/www/html/public/uploads/sites/TMH7023/Access/,TC016_TMH7023 Site Access Info Dunshaughlin.pdf,,TC016_TMH7023 Site Access Info Dunshaughlin.pdf
TCK2017,Elfordstown,/var/www/html/public/uploads/sites/Elfordstown - TCK2017/Access/,TC016_TCK2017 Site Access Info Elfordstown.pdf,,TC016_TCK2017 Site Access Info Elfordstown.pdf
TCE3006,Ennis,/var/www/html/public/uploads/sites/Ennis - TCE3006/Access/,TC016_TCE3006 Site Access Info Ennis.pdf,,TC016_TCE3006 Site Access Info Ennis.pdf
TWX2018,Enniscorthy,/var/www/html/public/uploads/sites/Enniscorthy - TWX2018/Access/,TC016_TWX2018 Site Access Info Enniscorthy.pdf,,TC016_TWX2018 Site Access Info Enniscorthy.pdf
TCK6308,Eyeries,/var/www/html/public/uploads/sites/Eyeries - TCK6008/Access/,TC016_TCK6008 Site Access Info Eyeries.pdf,,TC016_TCK6008 Site Access Info Eyeries.pdf
TMO6452,Farnaght,/var/www/html/public/uploads/sites/Farnaght - TMO6052/Access/,TC016_TMO6052 Site Access Info Farnaght.pdf,,TC016_TMO6052 Site Access Info Farnaght.pdf
TOY6059,Ferbane,/var/www/html/public/uploads/sites/Ferbane - TOY6059/Access/,TC016_TOY6059 Site Access Info Ferbane.pdf,,TC016_TOY6059 Site Access Info Ferbane.pdf
TCK2019,Fermoy,/var/www/html/public/uploads/sites/Fermoy - TCK2019/Access/,TC016_TCK2019 Site Access Info Fermoy.pdf,,TC016_TCK2019 Site Access Info Fermoy.pdf
TTP5111,Fethard,/var/www/html/public/uploads/sites/TTP5111/Access/,TC016_TTP5111 Site Access Info Fethard.pdf,,TC016_TTP5111 Site Access Info Fethard.pdf
TDL6014,Fintown,/var/www/html/public/uploads/sites/Fintown - TDL6014/Access/,TC016_TDL6014 Site Access Info Fintown.pdf,,TC016_TDL6014 Site Access Info Fintown.pdf
TMH1020,Fourknocks,/var/www/html/public/uploads/sites/Fourknocks - TMH1020/Access/,TC016_TMH1020 Site Access Info Fourknocks.pdf,,TC016_TMH1020 Site Access Info Fourknocks.pdf
TDU5113,Foxrock,/var/www/html/public/uploads/sites/TDU5113/Access/,TC016_TDU5113 Site Access Info Foxrock.pdf,,TC016_TDU5113 Site Access Info Foxrock.pdf
TLK7026,Foynes,/var/www/html/public/uploads/sites/TLK7026/Access/,TC016_TLK7026 Site Access Info Foynes.pdf,,TC016_TLK7026 Site Access Info Foynes.pdf
TRN7325,Frenchpark,/var/www/html/public/uploads/sites/TRN7325/Access/,TC016_TRN7325 Site Access Info Frenchpark.pdf,,TC016_TRN7325 Site Access Info Frenchpark.pdf
TWD2020,Gallows Hill,/var/www/html/public/uploads/sites/Gallows Hill - TWD2020/Access/,TC016_TWD2020 Site Access Info Gallows Hill.pdf,,TC016_TWD2020 Site Access Info Gallows Hill.pdf
TGY3007,Galway,/var/www/html/public/uploads/sites/Galway - TGY3007/Access/,TC016_HP Site Access Info Galway HPO.pdf,,TC016_HP Site Access Info Galway HPO.pdf
TMO6353,Geesala,/var/www/html/public/uploads/sites/Geesala - TMO6053/Access/,TC016_TMO6053 Site Access Info Geesala.pdf,,TC016_TMO6053 Site Access Info Geesala.pdf
TKY6032,Glencar,/var/www/html/public/uploads/sites/Glencar - TKY6032/Access/,TC016_TKY6032 Site Access Info Glencar.pdf,,TC016_TKY6032 Site Access Info Glencar.pdf
TWW7027,Glenealy,/var/www/html/public/uploads/sites/TWW7027/Access/,TC016_TWW7027 Site Access Info Glenealy.pdf,,TC016_TWW7027 Site Access Info Glenealy.pdf
TTP1021,Glengoole,/var/www/html/public/uploads/sites/Glengoole 30m - TTP1045/Access/,TC016_TTP1045 Site Access Info Glengoole 30m.pdf,,TC016_TTP1045 Site Access Info Glengoole 30m.pdf
TTP1021,Glengoole,/var/www/html/public/uploads/sites/Glengoole 48m - TTP1021/Access/,TC016_TTP1021 Site Access Info Glengoole 48m.pdf,,TC016_TTP1021 Site Access Info Glengoole 48m.pdf
TLK6043,Glenroe,/var/www/html/public/uploads/sites/Glenroe - TLK6043/Access/,TC016_TLK6043 Site Access Info Glenroe.pdf,,TC016_TLK6043 Site Access Info Glenroe.pdf
TWW3008,Glenteige,/var/www/html/public/uploads/sites/Glenteige - TWW3008/Access/,TC016_TWW3008 Site Access Info Glenteige.pdf,,TC016_TWW3008 Site Access Info Glenteige.pdf
TDL2021,Glenties,/var/www/html/public/uploads/sites/Glenties - TDL2021/Access/,TC016_TDL2021 Site Access Info Glenties.pdf,,TC016_TDL2021 Site Access Info Glenties.pdf
TLK7326,Glin,/var/www/html/public/uploads/sites/TLK7326/Access/,TC016_TLK7326 Site Access Info Glin.pdf,,TC016_TLK7326 Site Access Info Glin.pdf
TGY5121,Gort,/var/www/html/public/uploads/sites/TGY5121/Access/,TC016_TGY5121 Site Access Info Gort.pdf,,TC016_TGY5121 Site Access Info Gort.pdf
TCW6301,Hacketstown,/var/www/html/public/uploads/sites/Hacketstown - TCW6001/Access/,TC016_TCW6001 Site Access Info Hacketstown.pdf,,TC016_TCW6001 Site Access Info Hacketstown.pdf
TKY6033,Headford,/var/www/html/public/uploads/sites/Headford - TKY6033/Access/,TC016_TKY6033 Site Access Info Headford.pdf,,TC016_TKY6033 Site Access Info Headford.pdf
TGY5124,Headford,/var/www/html/public/uploads/sites/TGY5124/Access/,TC016_TGY5124 Site Access Info Headford.pdf,,TC016_TGY5124 Site Access Info Headford.pdf
TKY1022,Inchee,/var/www/html/public/uploads/sites/Inchee - TKY1022/Access/,TC016_TKY1022 Site Access Info Inchee.pdf,,TC016_TKY1022 Site Access Info Inchee.pdf
TGY6423,Inishbofin,/var/www/html/public/uploads/sites/Inishbofin - TGY6023/Access/,TC016_TGY6023 Site Access Info Inishbofin.pdf,,TC016_TGY6023 Site Access Info Inishbofin.pdf
TGY2022,Inisheer,/var/www/html/public/uploads/sites/Inisheer - TGY2022/Access/,TC016_TGY2022 Site Access Info Inisheer.pdf,,TC016_TGY2022 Site Access Info Inisheer.pdf
TGY2023,Inishmaan,/var/www/html/public/uploads/sites/Inishmaan - TGY2023/Access/,TC016_TGY2023 Site Access Info Inishmaan.pdf,,TC016_TGY2023 Site Access Info Inishmaan.pdf
TMO4006,Inishturk,/var/www/html/public/uploads/sites/Inishturk - TMO4006/Access/,TC016_TMO4006 Site Access Info Inishturk.pdf,,TC016_TMO4006 Site Access Info Inishturk.pdf
TMO6454,Keel,/var/www/html/public/uploads/sites/Keel - TMO6054/Access/,TC016_TMO6054 Site Access Info Keel.pdf,,TC016_TMO6054 Site Access Info Keel.pdf
TKY2024,Kenmare,/var/www/html/public/uploads/sites/Kenmare - TKY2024/Access/,TC016_TKY2024 Site Access Info Kenmare.pdf,,TC016_TKY2024 Site Access Info Kenmare.pdf
TMO1023,Kilbride,/var/www/html/public/uploads/sites/Kilbride - TMO1023/Access/,TC016_TMO1023 Site Access Info Kilbride.pdf,,TC016_TMO1023 Site Access Info Kilbride.pdf
TCK6309,Kilbrittain,/var/www/html/public/uploads/sites/Kilbrittain - TCK6009/Access/,TC016_TCK6009 Site Access Info Kilbrittain.pdf,,TC016_TCK6009 Site Access Info Kilbrittain.pdf
TCE1024,Kilcornan,/var/www/html/public/uploads/sites/Kilcornan - TCE1024/Access/,TC016_TCE1024 Site Access Info Kilcornan.pdf,,TC016_TCE1024 Site Access Info Kilcornan.pdf
TKE5130,Kilcullen,/var/www/html/public/uploads/sites/TKE5130/Access/,TC016_TKE5130 Site Access Info Kilcullen.pdf,,TC016_TKE5130 Site Access Info Kilcullen.pdf
TCK3009,Kildorrery,/var/www/html/public/uploads/sites/Kildorrery - TCK3009/Access/,TC016_TCK3009 Site Access Info Kildorrery.pdf,,TC016_TCK3009 Site Access Info Kildorrery.pdf
TTP3010,Kilduff,/var/www/html/public/uploads/sites/Kilduff - TTP3010/Access/,TC016_TTP3010 Site Access Info Kilduff.pdf,,TC016_TTP3010 Site Access Info Kilduff.pdf
TKY4007,Kilgarvan,/var/www/html/public/uploads/sites/Kilgarvan - TKY4007/Access/,TC016_TKY4007 Site Access Info Kilgarvan.pdf,,TC016_TKY4007 Site Access Info Kilgarvan.pdf
TKY1025,Kilkeaveragh,/var/www/html/public/uploads/sites/Kilkeaveragh - TKY1025/Access/,TC016_TKY1025 Site Access Info Kilkeaveragh.pdf,,TC016_TKY1025 Site Access Info Kilkeaveragh.pdf
TMO6055,Killala,/var/www/html/public/uploads/sites/Killala - TMO6055/Access/,TC016_TMO6055 Site Access Info Killala.pdf,,TC016_TMO6055 Site Access Info Killala.pdf
TKY2025,Killarney,/var/www/html/public/uploads/sites/Killarney - TKY2025/Access/,TC016_TKY2025 Site Access Info Killarney.pdf,,TC016_TKY2025 Site Access Info Killarney.pdf
TKY3011,Killorglin,/var/www/html/public/uploads/sites/Killorglin - TKY3011/Access/,TC016_TKY3011 Site Access Info Killorglin.pdf,,TC016_TKY3011 Site Access Info Killorglin.pdf
TDL3012,Killybegs,/var/www/html/public/uploads/sites/Killybegs - TDL3012/Access/,TC016_TDL3012 Site Access Info Killybegs.pdf,,TC016_TDL3012 Site Access Info Killybegs.pdf
TWD5136,Kilmacthomas,/var/www/html/public/uploads/sites/TWD5136/Access/,TC016_TWD5136 Site Access Info Kilmacthomas.pdf,,TC016_TWD5136 Site Access Info Kilmacthomas.pdf
TRN6462,Kilmore,/var/www/html/public/uploads/sites/Kilmore - TRN6062/Access/,TC016_TRN6062 Site Access Info Kilmore.pdf,,TC016_TRN6062 Site Access Info Kilmore.pdf
TWX2026,Kilmuckridge,/var/www/html/public/uploads/sites/Kilmuckridge - TWX2026/Access/,TC016_TWX2026 Site Access Info Kilmuckridge.pdf,,TC016_TWX2026 Site Access Info Kilmuckridge.pdf
TGY5139,Kilreekil,/var/www/html/public/uploads/sites/TGY5139/Access/,TC016_TGY5139 Site Access Info Kilreekil.pdf,,TC016_TGY5139 Site Access Info Kilreekil.pdf
TGY2027,Kilronan,/var/www/html/public/uploads/sites/Kilronan - TGY2027/Access/,TC016_TGY2027 Site Access Info Kilronan.pdf,,TC016_TGY2027 Site Access Info Kilronan.pdf
TCE2028,Kilrush,/var/www/html/public/uploads/sites/Kilrush - TCE2028/Access/,TC016_TCE2028 Site Access Info Kilrush.pdf,,TC016_TCE2028 Site Access Info Kilrush.pdf
TLM6042,Kiltyclogher,/var/www/html/public/uploads/sites/Kiltyclogher - TLM6042/Access/,TC016_TLM6042 Site Access Info Kiltyclogher.pdf,,TC016_TLM6042 Site Access Info Kiltyclogher.pdf
TMO6456,Knock,/var/www/html/public/uploads/sites/Knock - TMO6056/Access/,TC016_TMO6056 Site Access Info Knock.pdf,,TC016_TMO6056 Site Access Info Knock.pdf
TCK1026,Knockaneagh,/var/www/html/public/uploads/sites/Knockaneagh - TCK1026/Access/,TC016_TCK1026 Site Access Info Knockaneagh.pdf,,TC016_TCK1026 Site Access Info Knockaneagh.pdf
TLK1027,Knockanimpaha,/var/www/html/public/uploads/sites/Knockanimpaha - TLK1027/Access/,TC016_TLK1027 Site Access Info Knockanimpaha.pdf,,TC016_TLK1027 Site Access Info Knockanimpaha.pdf
TKY1028,Knockanore,/var/www/html/public/uploads/sites/Knockanore - TKY1028/Access/,TC016_TKY1028 Site Access Info Knockanore.pdf,,TC016_TKY1028 Site Access Info Knockanore.pdf
TCK1029,Knockgour,/var/www/html/public/uploads/sites/Knockgour - TCK1029/Access/,TC016_TCK1029 Site Access Info Knockgour.pdf,,TC016_TCK1029 Site Access Info Knockgour.pdf
TGY1030,Knockletterfore,/var/www/html/public/uploads/sites/Knockletterfore - TGY1030/Access/,TC016_TGY1030 Site Access Info Knockletterfore.pdf,,TC016_TGY1030 Site Access Info Knockletterfore.pdf
TLS2029,Knockmay,/var/www/html/public/uploads/sites/Knockmay - TLS2029/Access/,TC016_TLS2029 Site Access Info Knockmay.pdf,,TC016_TLS2029 Site Access Info Knockmay.pdf
TKY1031,Knocknaboul,/var/www/html/public/uploads/sites/Knocknaboul - TKY1031/Access/,TC016_TKY1031 Site Access Info Knocknaboul.pdf,,TC016_TKY1031 Site Access Info Knocknaboul.pdf
TCE6402,Labasheeda,/var/www/html/public/uploads/sites/Labasheeda - TCE6002/Access/,TC016_TCE6002 Site Access Info Labasheeda.pdf,,TC016_TCE6002 Site Access Info Labasheeda.pdf
TTP1032,Laghtseefin,/var/www/html/public/uploads/sites/Laghtseefin - TTP1032/Access/,TC016_TTP1032 Site Access Info Laghtseefin.pdf,,TC016_TTP1032 Site Access Info Laghtseefin.pdf
TOY3013,Leabeg,/var/www/html/public/uploads/sites/Leabeg - TOY3013/Access/,TC016_TOY3013 Site Access Info Leabeg.pdf,,TC016_TOY3013 Site Access Info Leabeg.pdf
TKE5147,Leixlip,/var/www/html/public/uploads/sites/TKE5147/Access/,TC016_TKE5147 Site Access Info Leixlip.pdf,,TC016_TKE5147 Site Access Info Leixlip.pdf
TGY2030,Letterfrack,/var/www/html/public/uploads/sites/Letterfrack - TGY2030/Access/,TC016_TGY2030 Site Access Info Letterfrack.pdf,,TC016_TGY2030 Site Access Info Letterfrack.pdf
TDL3014,Letterkenny,/var/www/html/public/uploads/sites/Letterkenny - TDL3014/Access/,TC016_LK Site Access Info Letterkenny.pdf,,TC016_LK Site Access Info Letterkenny.pdf
TCK6010,Lislevane,/var/www/html/public/uploads/sites/Lislevane - TCK6010/Access/,TC016_TCK6010 Site Access Info Lislevane.pdf,,TC016_TCK6010 Site Access Info Lislevane.pdf
TKY2031,Listowel,/var/www/html/public/uploads/sites/Listowel - TKY2031/Access/,TC016_TKY2013 Site Access Info Listowel.pdf,,TC016_TKY2013 Site Access Info Listowel.pdf
TTP5149,Littleton,/var/www/html/public/uploads/sites/TTP5149/Access/,TC016_TTP5149 Site Access Info Littleton.pdf,,TC016_TTP5149 Site Access Info Littleton.pdf
TDU5153,Lucan,/var/www/html/public/uploads/sites/TDU5153/Access/,TC016_TDU5153 Site Access Info Lucan RT.pdf,,TC016_TDU5153 Site Access Info Lucan RT.pdf
TDU7336,Lucan,/var/www/html/public/uploads/sites/TDU7336/Access/,TC016_TDU7336 Site Access Info Lucan.pdf,,TC016_TDU7336 Site Access Info Lucan.pdf
TKY6434,Lyracrompane,/var/www/html/public/uploads/sites/Lyracrompane - TKY6034/Access/,TC016_TKY6034 Site Access Info Lyracrompane.pdf,,TC016_TKY6034 Site Access Info Lyracrompane.pdf
TCK5155,Mahon,/var/www/html/public/uploads/sites/TCK5155/Access/,TC016_TCK5155 Site Access Info Mahon.pdf,,TC016_TCK5155 Site Access Info Mahon.pdf
TCK2032,Mallow,/var/www/html/public/uploads/sites/Mallow - TCK2032/Access/,TC016_TCK2032 Site Access Info Mallow.pdf,,TC016_TCK2032 Site Access Info Mallow.pdf
TGY2033,Mervue,/var/www/html/public/uploads/sites/Mervue - TGY2033/Access/,TC016_TGY2033 Site Access Info Mervue.pdf,,TC016_TGY2033 Site Access Info Mervue.pdf
TMO1033,Minaun Heights,/var/www/html/public/uploads/sites/Minaun Heights - TMO1033/Access/,TC016_TMO1033 Site Access Info Minaun Heights.pdf,,TC016_TMO1033 Site Access Info Minaun Heights.pdf
TWH6367,Moate,/var/www/html/public/uploads/sites/Moate - TWH6067/Access/,TC016_TWH6067 Site Access Info Moate.pdf,,TC016_TWH6067 Site Access Info Moate.pdf
TMN5160,Monaghan,/var/www/html/public/uploads/sites/TMN5160/Access/,TC016_TMN5160 Site Access Info Monaghan.pdf,,TC016_TMN5160 Site Access Info Monaghan.pdf
TDL1034,Mongorry Hill,/var/www/html/public/uploads/sites/Mongorry Hill - TDL1034/Access/,TC016_TDL1034 Site Access Info Mongorry Hill.pdf,,TC016_TDL1034 Site Access Info Mongorry Hill.pdf
TKY1035,Mount Eagle,/var/www/html/public/uploads/sites/Mount Eagle - TKY1035/Access/,TC016_TKY1035 Site Access Info Mount Eagle.pdf,,TC016_TKY1035 Site Access Info Mount Eagle.pdf
TLH1036,Mount Oriel,/var/www/html/public/uploads/sites/Mount Oriel - TLH1036/Access/,TC016_TLH1036 Site Access Info Mount Oriel.pdf,,TC016_TLH1036 Site Access Info Mount Oriel.pdf
TCE1037,Moveen Hill,/var/www/html/public/uploads/sites/Moveen Hill - TCE1037/Access/,TC016_TCE1037 Site Access Info Moveen Hill.pdf,,TC016_TCE1037 Site Access Info Moveen Hill.pdf
TDL5162,Muff,/var/www/html/public/uploads/sites/TDL5162/Access/,TC016_TDL5162 Site Access Info Muff.pdf,,TC016_TDL5162 Site Access Info Muff.pdf
TDL1038,Mulmosog,/var/www/html/public/uploads/sites/Mulmosog - TDL1038/Access/,TC016_TDL1038 Site Access Info Mulmosog.pdf,,TC016_TDL1038 Site Access Info Mulmosog.pdf
TKE7338,Naas,/var/www/html/public/uploads/sites/TKE7338/Access/,TC016_TKE7338 Site Access Info Naas.pdf,,TC016_TKE7338 Site Access Info Naas.pdf
TMH6458,Navan,/var/www/html/public/uploads/sites/Navan - TMH6058/Access/,TC016_NE Site Access Info Navan Exchange.pdf,,TC016_NE Site Access Info Navan Exchange.pdf
TMH7353,Navan,/var/www/html/public/uploads/sites/TMH7353/Access/,TC016_TMH7353 Site Access Info Navan.pdf,,TC016_TMH7353 Site Access Info Navan.pdf
TTP5167,Nenagh,/var/www/html/public/uploads/sites/TTP5167/Access/,TC016_TTP5167 Site Access Info Nenagh.pdf,,TC016_TTP5167 Site Access Info Nenagh.pdf
TWX6469,New Ross,/var/www/html/public/uploads/sites/New Ross - TWX6069/Access/,TC016_TWX6069 Site Access Info New Ross.pdf,,TC016_TWX6069 Site Access Info New Ross.pdf
TKE5100,Newbridge,/var/www/html/public/uploads/sites/TKE5100/Access/,TC016_TKE5100 Site Access Info Newbridge.pdf,,TC016_TKE5100 Site Access Info Newbridge.pdf
TLK6044,Newcastle west,/var/www/html/public/uploads/sites/Newcastle West - TLK6044/Access/,TC016_TLK6044 Site Access Info Newcastle West.pdf,,TC016_TLK6044 Site Access Info Newcastle West.pdf
TLK5170,Newcastle west,/var/www/html/public/uploads/sites/TLK5170/Access/,TC016_TLK5170 Site Access Info Newcastle West.pdf,,TC016_TLK5170 Site Access Info Newcastle West.pdf
TOY5177,Portarlington,/var/www/html/public/uploads/sites/TOY5177/Access/,TC016_TOY5177 Site Access Info Portarlington.pdf,,TC016_TOY5177 Site Access Info Portarlington.pdf
TGY5179,Portumna,/var/www/html/public/uploads/sites/TGY5179/Access/,TC016_TGY5179 Site Access Info Portumna.pdf,,TC016_TGY5179 Site Access Info Portumna.pdf
TGY6324,Portumna,/var/www/html/public/uploads/sites/Portumna - TGY6024/Access/,TC016_TGY6024 Site Access Info Portumna.pdf,,TC016_TGY6024 Site Access Info Portumna.pdf
TDU5180,Priory Park,/var/www/html/public/uploads/sites/TDU5180/Access/,TC016_TDU5180 Site Access Info Priory Park.pdf,,TC016_TDU5180 Site Access Info Priory Park.pdf
TCK5181,Quaker Road,/var/www/html/public/uploads/sites/TCK5181/Access/,TC016_TCK5181 Site Access Info Quaker Road.pdf,,TC016_TCK5181 Site Access Info Quaker Road.pdf
TDL5182,Quigleys Point,/var/www/html/public/uploads/sites/TDL5182/Access/,TC016_TDL5182 Site Access Info Quigleys Point.pdf,,TC016_TDL5182 Site Access Info Quigleys Point.pdf
TCE6003,Rahey Cross,/var/www/html/public/uploads/sites/Rahey Cross - TCE6003/Access/,TC016_TCE6003 Site Access Info Rahey Cross.pdf,,TC016_TCE6003 Site Access Info Rahey Cross.pdf
TDU6416,Rathcoole,/var/www/html/public/uploads/sites/Rathcoole - TDU6016/Access/,TC016_TDU6016 Site Access Info Rathcoole.pdf,,TC016_TDU6016 Site Access Info Rathcoole.pdf
TSO2034,Rathedmond,/var/www/html/public/uploads/sites/Rathedmond - TSO2034/Access/,TC016_TSO2034 Site Access Info Rathedmond.pdf,,TC016_TSO2034 Site Access Info Rathedmond.pdf
TLK7036,Rathkeale,/var/www/html/public/uploads/sites/TLK7036/Access/,TC016_TLK7036 Site Access Info Rathkeale.pdf,,TC016_TLK7036 Site Access Info Rathkeale.pdf
TLH7342,Readypenny,/var/www/html/public/uploads/sites/TLH7342/Access/,TC016_TLH7342 Site Access Info Readypenny.pdf,,TC016_TLH7342 Site Access Info Readypenny.pdf
TGY6325,Recess,/var/www/html/public/uploads/sites/Recess - TGY6025/Access/,TC016_TGY6025 Site Access Info Recess.pdf,,TC016_TGY6025 Site Access Info Recess.pdf
TLK3015,Roches St.,/var/www/html/public/uploads/sites/Roches St. - TLK3015/Access/,TC016_RS Site Access Info Roches Street.pdf,,TC016_RS Site Access Info Roches Street.pdf
TLK3016,Roches St. - old tower,/var/www/html/public/uploads/sites/Roches St. - old tower - TLK3016/Access/,TC016_RS Site Access Info Roches Street.pdf,,TC016_RS Site Access Info Roches Street.pdf
TWH6468,Rochfortbridge,/var/www/html/public/uploads/sites/Rochfortbridge - TWH6068/Access/,TC016_TWH6068 Site Access Info Rochfortbridge.pdf,,TC016_TWH6068 Site Access Info Rochfortbridge.pdf
TTP6064,Roscrea,/var/www/html/public/uploads/sites/Roscrea - TTP6064/Access/,TC016_TTP6064 Site Access Info Roscrea.pdf,,TC016_TTP6064 Site Access Info Roscrea.pdf
TTP5190,Roscrea,/var/www/html/public/uploads/sites/TTP5190/Access/,TC016_TTP6064 SiteAccess Info Roscrea.pdf,,TC016_TTP6064 Site Access Info Roscrea.pdf
TWH2035,Roslevin,/var/www/html/public/uploads/sites/Roslevin - TWH2035/Access/,TC016_TWH2035 Site Access Info Roslevin.pdf,,TC016_TWH2035 Site Access Info Roslevin.pdf
TCK6011,Rossmore,/var/www/html/public/uploads/sites/Rossmore - TCK6011/Access/,TC016_TCK6011 Site Access Info Rossmore.pdf,,TC016_TCK6011 Site Access Info Rossmore.pdf
TDU6017,Rush,/var/www/html/public/uploads/sites/Rush - TDU6017/Access/,TC016_TDU6017 Site Access Info Rush.pdf,,TC016_TDU6017 Site Access Info Rush.pdf
TDU5195,Santry,/var/www/html/public/uploads/sites/TDU5195/Access/,TC016_TDU5195 Site Access Info Santry.pdf,,TC016_TDU5195 Site Access Info Santry.pdf
TCE6304,Scarriff,/var/www/html/public/uploads/sites/Scarriff - TCE6004/Access/,TC016_TCE6004 Site Access Info Scarriff.pdf,,TC016_TCE6004 Site Access Info Scarriff.pdf
TCK5196,Scartbaun,/var/www/html/public/uploads/sites/TCK5196/Access/,TC016_TCK5196 Site Access Info Scartbaun.pdf,,TC016_TCK5196 Site Access Info Scartbaun.pdf
TMO1039,Shanettra,/var/www/html/public/uploads/sites/Shanettra - TMO1039/Access/,TC016_TMO1039 Site Access Info Shanettra.pdf,,TC016_TMO1039 Site Access Info Shanettra.pdf
TCE4008,Shannon Airport,/var/www/html/public/uploads/sites/Shannon Airport - TCE4008/Access/,TC016_TCE4008 Site Access Info Shannon Airport.pdf,,TC016_TCE4008 Site Access Info Shannon Airport.pdf
TWX1040,Shelmalier,/var/www/html/public/uploads/sites/Shelmalier 20m - TWX1047/Access/,TC016_TWX1047 Site Access Info Shelmalier 20m.pdf,,TC016_TWX1047 Site Access Info Shelmalier 20m.pdf
TWX1040,Shelmalier,/var/www/html/public/uploads/sites/Shelmalier 43m - TWX1040/Access/,TC016_TWX1040 Site Access Info Shelmalier 43m.pdf,,TC016_TWX1040 Site Access Info Shelmalier 43m.pdf
TOY6060,Shinrone,/var/www/html/public/uploads/sites/Shinrone - TOY6060/Access/,TC016_TOY6060 Site Access Info Shinrone.pdf,,TC016_TOY6060 Site Access Info Shinrone.pdf
TLK3017,Slievereagh,/var/www/html/public/uploads/sites/Slievereagh - TLK3017/Access/,TC016_TLK3017 Site Access Info Slievereagh.pdf,,TC016_TLK3017 Site Access Info Slievereagh.pdf
TKY7041,Sneem,/var/www/html/public/uploads/sites/TKY7041/Access/,TC016_TKY7041 Site Access Info Sneem.pdf,,TC016_TKY7041 Site Access Info Sneem.pdf
TMH7042,Summerhill,/var/www/html/public/uploads/sites/TMH7042/Access/,TC016_TMH7042 Site Access Info Summerhill.pdf,,TC016_TMH7042 Site Access Info Summerhill.pdf
TMH7345,Tara,/var/www/html/public/uploads/sites/TMH7345/Access/,TC016_TMH7345 Site Access Info Tara.pdf,,TC016_TMH7345 Site Access Info Tara.pdf
TDL6015,Tawny,/var/www/html/public/uploads/sites/Tawny - TDL6015/Access/,TC016_TDL6015 Site Access Info Tawny.pdf,,TC016_TDL6015 Site Access Info Tawny.pdf
TLK5209,Templeglantine West,/var/www/html/public/uploads/sites/TLK5209/Access/,TC016_TLK5209 Site Access Info Templeglantine West.pdf,,TC016_TLK5209 Site Access Info Templeglantine West.pdf
TDU5211,Terenure,/var/www/html/public/uploads/sites/TDU5211/Access/,TC016_TDU5211 Site Access Info Terenure.pdf,,TC016_TDU5211 Site Access Info Terenure.pdf
TLH7346,Termonfeckin,/var/www/html/public/uploads/sites/TLH7346/Access/,TC016_TLH7346 Site Access Info Termonfeckin.pdf,,TC016_TLH7346 Site Access Info Termonfeckin.pdf
TTP1041,The Graves,/var/www/html/public/uploads/sites/The Graves - TTP1041/Access/,TC016_TTP1041 Site Access Info The Graves.pdf,,TC016_TTP1041 Site Access Info The Graves.pdf
TDU3018,Threerock,/var/www/html/public/uploads/sites/Threerock - TDU3018/Access/,TC016_TDU3018 Site Access Info Threerock.pdf,,TC016_TDU3018 Site Access Info Threerock.pdf
TTP3019,Thurles,/var/www/html/public/uploads/sites/Thurles - TTP3019/Access/,TC016_TH Site Access Info Thurles.pdf,,TC016_TH Site Access Info Thurles.pdf
TLK6345,Tournafulla,/var/www/html/public/uploads/sites/Tournafulla - TLK6045/Access/,TC016_TLK6045 Site Access Info Tournafulla.pdf,,TC016_TLK6045 Site Access Info Tournafulla.pdf
TKY3020,Tralee,/var/www/html/public/uploads/sites/Tralee - TKY3020/Access/,TC016_TR Site Access Info Tralee.pdf,,TC016_TR Site Access Info Tralee.pdf
TGY3021,Tuam,/var/www/html/public/uploads/sites/Tuam - TGY3021/Access/,TC016_TU Site Access Info Tuam.pdf,,TC016_TU Site Access Info Tuam.pdf
TWH5218,Tyrrellspass,/var/www/html/public/uploads/sites/TWH5218/Access/,TC016_TWH5218 Site Access Info Tyrrellspass.pdf,,TC016_TWH5218 Site Access Info Tyrrellspass.pdf
TDU5221,Walkinstown,/var/www/html/public/uploads/sites/TDU5221/Access/,TC016_TDU5221 Site Access Info Walkinstown.pdf,,TC016_TDU5221 Site Access Info Walkinstown.pdf
TOY2036,Walsh Island,/var/www/html/public/uploads/sites/Walsh Island - TOY2036/Access/,TC016_TOY2036 Site Access Info Walsh Island.pdf,,TC016_TOY2036 Site Access Info Walsh Island.pdf
TCK5224,Watergrass Hill,/var/www/html/public/uploads/sites/TCK5224/Access/,TC016_TCK5224 Site Access Info Watergrass Hill.pdf,,TC016_TCK5224 Site Access Info Watergrass Hill.pdf
TMO6451,Westport Depot,/var/www/html/public/uploads/sites/Westport Depot - TMO6051/Access/,TC016_WE  Site Access Info Depot Westport.pdf,,TC016_WE  Site Access Info Depot Westport.pdf
TWX2037,Wexford,/var/www/html/public/uploads/sites/Wexford - TWX2037/Access/,TC016_TWX2037 Site Access Info Wexford.pdf,,TC016_TWX2037 Site Access Info Wexford.pdf
TCK1042,Whitechurch,/var/www/html/public/uploads/sites/Whitechurch - TCK1042/Access/,TC016_TCK1042 Site Access Info Whitechurch.pdf,,TC016_TCK1042 Site Access Info Whitechurch.pdf
TWW5228,Wicklow,/var/www/html/public/uploads/sites/TWW5228/Access/,TC016_TWW5228 Site Access Info Wicklow.pdf,,TC016_TWW5228 Site Access Info Wicklow.pdf
TLS6039,Wolfhill,/var/www/html/public/uploads/sites/Wolfhill - TLS6039/Access/,TC016_TLS6039 Site Access Info Wolfhill.pdf,,TC016_TLS6039 Site Access Info Wolfhill.pdf
TGY6327,Woodlawn,/var/www/html/public/uploads/sites/Woodlawn - TGY6027/Access/,TC016_TGY6027 Site Access Info Woodlawn.pdf,,TC016_TGY6027 Site Access Info Woodlawn.pdf
TMH5229,Woodtown,/var/www/html/public/uploads/sites/TMH5229/Access/,TC016_TMH5229 Site Access Info Woodtown.pdf,,TC016_TMH5229 Site Access Info Woodtown.pdf
